file,original_rows,cleaned_rows,exact_duplicates_removed,nulls_before,parse_failures,rule,unmatched_rows,negative_duration_excluded
olist_orders_dataset.csv,99441.0,99441.0,0.0,"{""order_id"": 0, ""customer_id"": 0, ""order_status"": 0, ""order_purchase_timestamp"": 0, ""order_approved_at"": 160, ""order_delivered_carrier_date"": 1783, ""order_delivered_customer_date"": 2965, ""order_estimated_delivery_date"": 0}","{""order_purchase_timestamp"": 0, ""order_approved_at"": 0, ""order_delivered_carrier_date"": 0, ""order_delivered_customer_date"": 0, ""order_estimated_delivery_date"": 0}",Trim strings; preserve unknown numeric values as NULL; remove exact duplicate rows only; conflicting keys fail,,
olist_order_items_dataset.csv,112650.0,112650.0,0.0,"{""order_id"": 0, ""order_item_id"": 0, ""product_id"": 0, ""seller_id"": 0, ""shipping_limit_date"": 0, ""price"": 0, ""freight_value"": 0}","{""shipping_limit_date"": 0, ""price"": 0, ""freight_value"": 0}",Trim strings; preserve unknown numeric values as NULL; remove exact duplicate rows only; conflicting keys fail,,
olist_sellers_dataset.csv,3095.0,3095.0,0.0,"{""seller_id"": 0, ""seller_zip_code_prefix"": 0, ""seller_city"": 0, ""seller_state"": 0}",{},Trim strings; preserve unknown numeric values as NULL; remove exact duplicate rows only; conflicting keys fail,,
olist_customers_dataset.csv,99441.0,99441.0,0.0,"{""customer_id"": 0, ""customer_unique_id"": 0, ""customer_zip_code_prefix"": 0, ""customer_city"": 0, ""customer_state"": 0}",{},Trim strings; preserve unknown numeric values as NULL; remove exact duplicate rows only; conflicting keys fail,,
olist_products_dataset.csv,32951.0,32951.0,0.0,"{""product_id"": 0, ""product_category_name"": 610, ""product_name_lenght"": 610, ""product_description_lenght"": 610, ""product_photos_qty"": 610, ""product_weight_g"": 2, ""product_length_cm"": 2, ""product_height_cm"": 2, ""product_width_cm"": 2}",{},Trim strings; preserve unknown numeric values as NULL; remove exact duplicate rows only; conflicting keys fail,,
olist_order_payments_dataset.csv,103886.0,103886.0,0.0,"{""order_id"": 0, ""payment_sequential"": 0, ""payment_type"": 0, ""payment_installments"": 0, ""payment_value"": 0}","{""payment_value"": 0}",Trim strings; preserve unknown numeric values as NULL; remove exact duplicate rows only; conflicting keys fail,,
FK order_id -> order_id,112650.0,112650.0,,,,Fail on unmatched non-null foreign key,0.0,
FK seller_id -> seller_id,112650.0,112650.0,,,,Fail on unmatched non-null foreign key,0.0,
FK product_id -> product_id,112650.0,112650.0,,,,Fail on unmatched non-null foreign key,0.0,
FK customer_id -> customer_id,99441.0,99441.0,,,,Fail on unmatched non-null foreign key,0.0,
FK order_id -> order_id,103886.0,103886.0,,,,Fail on unmatched non-null foreign key,0.0,
olist_order_reviews_dataset.csv,100000.0,100000.0,0.0,"{""review_id"": 0, ""order_id"": 0, ""review_score"": 0, ""review_comment_title"": 88285, ""review_comment_message"": 58247, ""review_creation_date"": 0, ""review_answer_timestamp"": 0}","{""review_creation_date"": 0, ""review_answer_timestamp"": 0, ""review_score"": 0}",Trim strings; preserve unknown numeric values as NULL; remove exact duplicate rows only; conflicting keys fail,,
FK order_id -> order_id,100000.0,100000.0,,,,Fail on unmatched non-null foreign key,0.0,
review selection,100000.0,99441.0,,,,Latest response then creation then review_id; one review per order; retain raw review history,,
product_category_name_translation.csv,71.0,71.0,0.0,"{""product_category_name"": 0, ""product_category_name_english"": 0}",{},Trim strings; preserve unknown numeric values as NULL; remove exact duplicate rows only; conflicting keys fail,,
olist_geolocation_dataset.csv,1000163.0,738332.0,261831.0,"{""geolocation_zip_code_prefix"": 0, ""geolocation_lat"": 0, ""geolocation_lng"": 0, ""geolocation_city"": 0, ""geolocation_state"": 0}","{""geolocation_lat"": 0, ""geolocation_lng"": 0}",Trim strings; preserve unknown numeric values as NULL; remove exact duplicate rows only; conflicting keys fail,,
geolocation,738332.0,19015.0,,,,Median lat/lng by postal prefix after global coordinate range checks; prefix records are many-to-one,,
processing_days,,,,,,Negative timestamp intervals -> NULL independently; retain order in denominators,,1359.0
shipping_days,,,,,,Negative timestamp intervals -> NULL independently; retain order in denominators,,23.0
delivery_days,,,,,,Negative timestamp intervals -> NULL independently; retain order in denominators,,0.0
