customer_state,orders,cancelled,cancellation_rate
AC,81,0,0.0
AL,413,1,0.002421307506053269
AM,148,0,0.0
AP,68,0,0.0
BA,3380,16,0.004733727810650888
CE,1336,7,0.005239520958083832
DF,2140,7,0.0032710280373831778
ES,2033,9,0.004426955238563699
GO,2020,13,0.006435643564356435
MA,747,4,0.00535475234270415
MG,11635,64,0.005500644606789858
MS,715,2,0.002797202797202797
MT,907,2,0.002205071664829107
PA,975,4,0.0041025641025641026
PB,536,2,0.0037313432835820895
PE,1652,5,0.003026634382566586
PI,495,4,0.00808080808080808
PR,5045,22,0.004360753221010902
RJ,12852,86,0.006691565515094927
RN,485,0,0.0
RO,253,3,0.011857707509881422
RR,46,1,0.021739130434782608
RS,5466,25,0.004573728503476033
SC,3637,19,0.005224085784987627
SE,350,1,0.002857142857142857
SP,41746,327,0.007833085804627988
TO,280,1,0.0035714285714285713
