segment,orders,eligible,late_rate,review_score,processing_days,shipping_days
audio,350,348,0.11781609195402298,3.82,2.5768009124677005,10.502961665868455
home_confort,397,392,0.09438775510204081,3.8564231738035266,2.4118164118575938,10.980439933523268
fashion_underwear_beach,121,117,0.09401709401709402,3.909090909090909,3.847326883507439,9.786499287749288
books_technical,260,256,0.08203125,4.369230769230769,2.524613108572282,8.375293240017362
office_furniture,1273,1254,0.08054226475279107,3.6095836606441476,9.94041814006761,10.198190897401792
baby,2885,2809,0.08045567817728728,4.0221837088388215,2.988753709050082,9.326963175573225
christmas_supplies,128,125,0.08,4.0390625,3.1207394339904417,11.85606962962963
electronics,2550,2517,0.07628128724672228,4.080392156862745,2.3488510265943194,10.181423325899429
musical_instruments,628,611,0.07528641571194762,4.164012738853503,2.9075322926232015,9.667245957598352
health_beauty,8836,8647,0.07505493234647855,4.164893617021277,2.6832649949437495,9.017878403273139
furniture_living_room,422,414,0.0748792270531401,4.004739336492891,3.4114228226097145,10.039694601001967
bed_bath_table,9417,9272,0.0743097497842968,3.9484973983221834,2.8149951247713827,9.844450274561162
watches_gifts,5624,5493,0.07391225195703623,4.048364153627311,2.5311517640278294,9.920887189025787
construction_tools_construction,748,736,0.07336956521739131,4.068181818181818,2.063147986949345,8.410918928014292
auto,3897,3809,0.07298503544237332,4.078265332306903,2.5348009660493824,9.420409621313803
unknown,1451,1392,0.07255747126436782,3.8931771192281186,3.2219569481293884,9.134833461471896
dvds_blu_ray,59,56,0.07142857142857142,4.033898305084746,2.507728587962963,10.059118510251324
furniture_decor,6449,6307,0.07119074044712224,3.9948829275856723,3.2968402332335542,9.367918739964358
telephony,4199,4093,0.07109699486928903,3.991664682067159,3.0395604485576353,9.45822459698582
food,450,441,0.07029478458049887,4.251111111111111,1.6584041410059018,7.830397534013606
industry_commerce_and_business,235,231,0.06926406926406926,4.165957446808511,2.3886323474702382,8.15667017396184
furniture_bedroom,95,90,0.06666666666666667,4.136842105263158,4.11593878600823,9.075309799382715
construction_tools_lights,244,242,0.06611570247933884,4.090163934426229,2.7115014200124494,6.644822754055709
sports_leisure,7720,7529,0.06574578297250631,4.153367875647668,2.3849358280856734,9.4916064313533
perfumery,3162,3086,0.06545690213869086,4.1986084756483235,2.610932734876442,8.963895534792732
stationery,2311,2264,0.06537102473498234,4.233232366940718,2.7543124751206647,9.699544219711099
garden_tools,3518,3448,0.06525522041763342,4.123934053439454,2.654731931924576,10.549212677556437
books_general_interest,512,495,0.06464646464646465,4.455078125,2.710808415595347,8.420025650018706
toys,3886,3803,0.063896923481462,4.1680391147709726,2.479739948976569,8.934741417950441
computers_accessories,6689,6529,0.06386889263286874,4.014650919419943,3.1700381527749038,9.587023491096812
cine_photo,65,63,0.06349206349206349,4.230769230769231,1.614840158045977,8.342424309229864
costruction_tools_tools,97,97,0.061855670103092786,4.371134020618556,2.31396083906071,9.573011526345933
home_appliances_2,234,227,0.06167400881057269,4.1239316239316235,4.207727102102102,9.302849975526188
art,202,195,0.06153846153846154,4.0049504950495045,3.5062629605516977,7.268690823836658
consoles_games,1062,1018,0.060903732809430254,4.043314500941619,3.622320509811501,9.754357872191266
home_construction,490,483,0.060041407867494824,3.9653061224489794,4.17242862246496,8.963547297944944
cool_stuff,3632,3559,0.05900533857825232,4.154185022026431,2.4832257187901376,9.502315081558512
computers,181,177,0.05649717514124294,4.138121546961326,2.8657251778614774,10.522603055032434
fashion_bags_accessories,1864,1820,0.056043956043956046,4.174892703862661,2.210154505520537,8.62734960063085
small_appliances_home_oven_and_coffee,75,72,0.05555555555555555,4.293333333333333,2.329559523809524,7.225535622427984
housewares,5884,5743,0.053630506703813335,4.123725356900068,2.722763821953495,8.03343538077494
costruction_tools_garden,194,190,0.05263157894736842,4.190721649484536,2.7228288546698876,8.878147964432687
drinks,297,287,0.05226480836236934,4.151515151515151,2.899231050046462,7.260124975803329
pet_shop,1710,1688,0.0509478672985782,4.229824561403508,2.884328188371886,8.199639988631871
tablets_printing_image,79,79,0.05063291139240506,4.075949367088608,3.057228522034693,9.372342797702766
small_appliances,630,609,0.047619047619047616,4.144444444444445,2.372349401780746,8.271846359393054
fixed_telephony,217,212,0.04716981132075472,3.8847926267281108,3.4131524611285817,8.661180391771488
fashion_male_clothing,112,106,0.04716981132075472,3.6785714285714284,4.300075449860238,8.249072763801538
fashion_shoes,240,235,0.04680851063829787,4.170833333333333,5.2375109830575255,10.154366627265563
kitchen_dining_laundry_garden_furniture,248,241,0.04564315352697095,4.024193548387097,3.1750836780929865,8.303042300599355
home_appliances,764,747,0.04417670682730924,4.143979057591623,2.709072515117158,8.265557073974913
signaling_and_security,140,138,0.043478260869565216,4.085714285714285,2.681324281370923,7.6775649154589365
luggage_accessories,1034,1019,0.04317958783120707,4.32495164410058,1.685964202300506,8.866221184076618
air_conditioning,253,246,0.04065040650406504,3.9802371541501977,3.3869705578512397,8.08485428899428
market_place,280,274,0.040145985401459854,4.007142857142857,3.3024152082485414,8.530339039818207
books_imported,53,50,0.04,4.320754716981132,2.616232756991686,5.243503935185186
agro_industry_and_commerce,182,177,0.03954802259887006,4.021978021978022,2.4889362433862434,8.32992368957941
food_drink,227,221,0.03619909502262444,4.365638766519824,2.5843696621850163,7.870946088905648
construction_tools_safety,167,159,0.025157232704402517,3.8323353293413174,3.0294252795815297,8.456299571977638
