purchase_month,orders,eligible,late_rate,delivery_days,review_score,cancelled_rate
2016-09,4,1,1.0,54.81319444444444,1.0,0.5
2016-10,324,265,0.007547169811320755,19.600558787561145,3.5185185185185186,0.07407407407407407
2016-12,1,1,0.0,4.693020833333334,5.0,0.0
2017-01,800,750,0.029333333333333333,12.647043518518519,4.04625,0.00375
2017-02,1780,1653,0.029643073200241985,13.168825248986131,4.003932584269663,0.009550561797752809
2017-03,2682,2546,0.04556166535742341,12.951184487831313,4.057419835943326,0.012304250559284116
2017-04,2404,2303,0.06556665219279201,14.91791250040205,4.032029950083195,0.0074875207986688855
2017-05,3700,3545,0.029901269393511988,11.322362975369588,4.121351351351351,0.007837837837837838
2017-06,3245,3135,0.030303030303030304,12.01157270438301,4.1291217257318955,0.004930662557781202
2017-07,4026,3872,0.027892561983471075,11.592732387200606,4.162444113263786,0.006954793840039742
2017-08,4331,4193,0.02909611256856666,11.147124655510508,4.226275686908335,0.006234126067882706
2017-09,4285,4150,0.04385542168674699,11.85100652889335,4.172928821470245,0.004667444574095682
2017-10,4631,4478,0.041759714158106295,11.856699698526127,4.1055927445476135,0.0056143381559058516
2017-11,7544,7288,0.12403951701427003,15.161131699241778,3.8940880169671264,0.004904559915164369
2017-12,5673,5513,0.07455106112824234,15.394918530107287,3.996121981315001,0.0019390093424995593
2018-01,7269,7069,0.05700947800254633,14.080562613956085,4.022286421791168,0.004677397166047599
2018-02,6728,6555,0.14126620900076278,16.945137568155495,3.808263971462545,0.010850178359096314
2018-03,7211,7003,0.18963301442239042,16.30141017440938,3.7342948273471084,0.0036056025516571903
2018-04,6939,6798,0.04501323918799647,11.499241053673193,4.1472834702406685,0.00216169476869866
2018-05,6873,6749,0.06563935397836716,11.419028935356678,4.184053542848829,0.003491924923614142
2018-06,6167,6096,0.011646981627296589,9.239216293167347,4.269661099400032,0.0029187611480460517
2018-07,6292,6156,0.03378817413905133,8.958636237154959,4.246185632549269,0.006516211061665607
2018-08,6512,6351,0.061880018894662256,7.732779720458137,4.24708230958231,0.012899262899262898
2018-09,16,0,,,1.75,0.9375
2018-10,4,0,,,2.25,1.0
