month,late_rate,orders,prior_late_rate,change_pp
2016-09,1.0,4,,
2016-10,0.007547169811320755,324,1.0,-0.9924528301886792
2016-12,0.0,1,0.007547169811320755,-0.007547169811320755
2017-01,0.029333333333333333,800,0.0,0.029333333333333333
2017-02,0.029643073200241985,1780,0.029333333333333333,0.00030973986690865235
2017-03,0.04556166535742341,2682,0.029643073200241985,0.015918592157181426
2017-04,0.06556665219279201,2404,0.04556166535742341,0.020004986835368596
2017-05,0.029901269393511988,3700,0.06556665219279201,-0.03566538279928002
2017-06,0.030303030303030304,3245,0.029901269393511988,0.00040176090951831583
2017-07,0.027892561983471075,4026,0.030303030303030304,-0.0024104683195592287
2017-08,0.02909611256856666,4331,0.027892561983471075,0.0012035505850955842
2017-09,0.04385542168674699,4285,0.02909611256856666,0.014759309118180332
2017-10,0.041759714158106295,4631,0.04385542168674699,-0.002095707528640696
2017-11,0.12403951701427003,7544,0.041759714158106295,0.08227980285616374
2017-12,0.07455106112824234,5673,0.12403951701427003,-0.049488455886027696
2018-01,0.05700947800254633,7269,0.07455106112824234,-0.01754158312569601
2018-02,0.14126620900076278,6728,0.05700947800254633,0.08425673099821646
2018-03,0.18963301442239042,7211,0.14126620900076278,0.048366805421627634
2018-04,0.04501323918799647,6939,0.18963301442239042,-0.14461977523439395
2018-05,0.06563935397836716,6873,0.04501323918799647,0.020626114790370693
2018-06,0.011646981627296589,6167,0.06563935397836716,-0.05399237235107057
2018-07,0.03378817413905133,6292,0.011646981627296589,0.02214119251175474
2018-08,0.061880018894662256,6512,0.03378817413905133,0.028091844755610926
2018-09,,16,0.061880018894662256,
2018-10,,4,,
