seller_id,orders,eligible,late_rate,review_score,processing_days,shipping_days,segment
1ca7077d890b907f89be8c954a02686a,115,108,0.16666666666666666,2.3217391304347825,5.312652499142661,9.91001553926612,High Volume / Problematic
2eb70248d66e0e3ef83659f71b244378,202,187,0.11229946524064172,2.6633663366336635,10.786268196672609,6.85223720043573,High Volume / Problematic
54965bbe3e4f07ae045b90b0b8541f52,78,73,0.3013698630136986,2.8974358974358974,15.35375065206051,10.859685597412481,High Volume / Problematic
972d0f9cf61b499a4812cf0bfa3ad3c4,83,81,0.1111111111111111,2.9759036144578315,4.515434956561499,13.208306327160495,High Volume / Problematic
a49928bcdf77c55c6d6e05e09a9b4ca5,98,96,0.21875,3.010204081632653,6.87170078607253,9.70128303433642,High Volume / Problematic
bbad7e518d7af88a0897397ffdca1979,69,68,0.16176470588235295,3.130434782608696,4.644389683526811,8.496196555010894,High Volume / Problematic
5058e8c1e82653974541e83690655b4a,63,62,0.11290322580645161,3.2063492063492065,15.233420885603344,10.829691793608124,High Volume / Problematic
8444e55c1f13cd5c179851e5ca5ebd00,99,92,0.06521739130434782,3.2626262626262625,10.606844429347825,10.244679574275363,High Volume / Reliable
a7f13822ceb966b076af67121f87b063,75,73,0.0410958904109589,3.3066666666666666,10.538327942668696,11.540757071283611,High Volume / Reliable
0b35c634521043bf4b47e21547b99ab5,51,50,0.16,3.3137254901960786,3.3158571759259257,15.480517129629629,High Volume / Problematic
710e3548e02bc1d2831dfc4f1b5b14d4,136,131,0.03816793893129771,3.3455882352941178,3.654510120585702,10.520613337574217,High Volume / Reliable
712e6ed8aa4aa1fa65dab41fed5737e4,79,77,0.2077922077922078,3.3544303797468356,7.395758778258777,16.643938642376142,High Volume / Problematic
6fd52c528dcb38be2eea044946b811f8,67,67,0.13432835820895522,3.3582089552238807,13.856695515478165,7.391035793255942,High Volume / Problematic
88460e8ebdecbfecb5f9601833981930,248,246,0.17073170731707318,3.403225806451613,7.548616969593049,9.987841999774165,High Volume / Problematic
18a349e75d307f4b4cc646a691ed4216,121,109,0.05504587155963303,3.4297520661157024,3.3459896905006863,7.384460159700985,High Volume / Reliable
b2479f944e1b90cf8a5de1bbfde284d6,103,101,0.1188118811881188,3.436893203883495,2.469212504583792,12.538138636780346,High Volume / Problematic
7c67e1448b00f6e969d365cea6b010ab,982,973,0.09146968139773895,3.484725050916497,11.378224670263789,10.457778170724737,High Volume / Problematic
cac4c8e7b1ca6252d8f20b2fc1a2e4af,75,74,0.17567567567567569,3.506666666666667,5.717005802891933,12.085208333333332,High Volume / Problematic
6973a06f484aacf400ece213dbf3d946,95,89,0.14606741573033707,3.568421052631579,5.869453157511444,8.703577819392425,High Volume / Problematic
8e6d7754bc7e0f22c96d255ebda59eba,85,84,0.13095238095238096,3.5764705882352943,4.9278754684744275,9.986396880511464,High Volume / Problematic
7040e82f899a04d1b434b795a43b4617,212,208,0.07692307692307693,3.589622641509434,1.9563711382656697,8.037469562410969,High Volume / Problematic
229c3efbfb0ea2058de4ccdfbc3d784a,121,118,0.01694915254237288,3.603305785123967,1.3802634338398228,9.018617388575015,High Volume / Reliable
897060da8b9a21f655304d50fd935913,317,304,0.10526315789473684,3.6056782334384856,2.7680262371228848,11.710916445845516,High Volume / Problematic
1835b56ce799e6a4dc4eddc053f04066,423,417,0.10311750599520383,3.619385342789598,1.6767642727814447,11.220758781863399,High Volume / Problematic
36a968b544695394e4e9d7572688598f,154,148,0.033783783783783786,3.6493506493506493,3.719398385971588,6.630496740362812,High Volume / Reliable
b14db04aa7881970e83ffa9426897925,83,78,0.10256410256410256,3.6506024096385543,4.741031131291548,10.863618382003798,High Volume / Problematic
3c7c4a49ec3c6550809089c6a2ca9370,141,139,0.05755395683453238,3.6595744680851063,1.760843741673328,7.205081851185718,High Volume / Reliable
f46490624488d3ff7ce78613913a7711,83,80,0.1125,3.6626506024096384,3.0540170717592594,6.680773871527778,High Volume / Problematic
95f83f51203c626648c875dd41874c7f,52,50,0.04,3.673076923076923,3.531772486772487,7.7578048611111114,High Volume / Reliable
6039e27294dc75811c0d8a39069f52c0,64,63,0.1746031746031746,3.6875,5.9232249412110525,11.487581753380365,High Volume / Problematic
d20b021d3efdf267a402c402a48ea64b,90,86,0.16279069767441862,3.688888888888889,3.693921544312169,13.057750861326442,High Volume / Problematic
b17b679f4f5ce2e03ce6968c62648246,55,50,0.16,3.709090909090909,3.9485194444444445,14.62440185185185,High Volume / Problematic
23d7c96d4a1160db1c726b248601b25a,53,50,0.1,3.7169811320754715,3.3693590277777776,9.534421527777777,High Volume / Problematic
f7ccf836d21b2fb1de37564105216cc1,70,69,0.07246376811594203,3.7285714285714286,1.510768380320619,9.37840244229737,High Volume / Problematic
75d34ebb1bd0bd7dde40dd507b8169c3,62,57,0.12280701754385964,3.7419354838709675,4.498646645549058,11.187337759909031,High Volume / Problematic
855668e0971d4dfd7bef1b6a4133b41b,312,300,0.12666666666666668,3.7435897435897436,5.859244150820284,10.003576967592592,High Volume / Problematic
d2374cbcbb3ca4ab1086534108cc3ab7,524,514,0.05252918287937743,3.7442748091603053,4.1920129620587385,10.028217187274823,High Volume / Reliable
44073f8b7e41514de3b7815dd0237f4f,144,142,0.035211267605633804,3.75,2.7182979544260575,10.056893909754825,High Volume / Reliable
431af27f296bc6519d890aa5a05fdb11,117,116,0.13793103448275862,3.752136752136752,4.414067089719029,12.439590217911876,High Volume / Problematic
213b25e6f54661939f11710a6fddb871,155,152,0.06578947368421052,3.767741935483871,7.631477237654321,7.295456033747564,High Volume / Reliable
891071be6ba827b591264c90c2ae8a63,92,85,0.1411764705882353,3.7717391304347827,3.3458833498677247,9.781324074074075,High Volume / Problematic
d1c281d3ae149232351cd8c8cc885f0d,215,214,0.06542056074766354,3.772093023255814,1.6671559294035818,10.566726484077535,High Volume / Reliable
dc4a0fc896dc34b0d5bfec8438291c80,231,225,0.06666666666666667,3.774891774891775,3.6805370370370367,9.892062139917694,High Volume / Reliable
70a12e78e608ac31179aea7f8422044b,315,312,0.09294871794871795,3.7777777777777777,3.585505686554722,10.78500658717399,High Volume / Problematic
ea566164622c6b439516ab18062c42cd,50,50,0.18,3.78,3.6400641396604936,10.105730787037038,High Volume / Problematic
609e1a9a6c2539919b8205cf7c4e6ff0,87,87,0.011494252873563218,3.781609195402299,1.9367029415085817,7.938391469774372,High Volume / Reliable
7ad32824caee82087b3e2e5f33b1bf32,151,147,0.1292517006802721,3.7880794701986753,1.5885251206311946,10.272598104056437,High Volume / Problematic
5343d0649eca2a983820bfe93fc4d17e,71,70,0.1,3.788732394366197,1.1341127645502647,9.69846345899471,High Volume / Problematic
e8b3a3a38279a82f0e5d006d5e5b7d2c,87,80,0.0375,3.793103448275862,5.824514033564815,11.218594328703704,High Volume / Reliable
751bdc4d83a466c7206cd42e8f426b03,54,51,0.0196078431372549,3.7962962962962963,2.3544165305010893,8.154371141975309,High Volume / Reliable
f3da5b2ff499efb8d4a6d371d175d7dd,79,77,0.11688311688311688,3.7974683544303796,2.125492058899177,9.062676166426167,High Volume / Problematic
165fc07beebdcb6190fba8a06db2a449,50,50,0.08,3.8,2.841449768518518,9.637787962962962,High Volume / Problematic
1900267e848ceeba8fa32d80c1a5f5a8,411,406,0.0812807881773399,3.800486618004866,1.9508249314128945,10.818106726646597,High Volume / Problematic
4a3ca9315b744ce9f8e9374361493884,1806,1772,0.09706546275395034,3.8045404208194906,2.3856063272483756,11.722696700474458,High Volume / Problematic
dd2bdf855a9172734fbc3744021ae9b9,108,105,0.05714285714285714,3.8055555555555554,5.49260901675485,9.485099647266315,High Volume / Reliable
ce27a3cc3c8cc1ea79d11e561e9bebb6,135,122,0.01639344262295082,3.8074074074074074,2.848988739799121,7.004913479052823,High Volume / Reliable
5f2684dab12e59f83bef73ae57724e45,68,67,0.05970149253731343,3.8088235294117645,1.8580899322830293,8.462298749309012,High Volume / Reliable
f457c46070d02cadd8a68551231220dd,199,195,0.05641025641025641,3.809045226130653,2.161456245227186,12.046926934947768,High Volume / Reliable
cca3071e3e9bb7d12640c9fbe2301306,712,699,0.04864091559370529,3.811797752808989,3.507319000827196,10.252567093201929,High Volume / Reliable
23613d49c3ac2bd302259e55c06c050c,70,69,0.08695652173913043,3.8142857142857145,4.736872651637144,8.665491814278047,High Volume / Problematic
25c5c91f63607446a97b143d2d535d31,158,156,0.07051282051282051,3.8164556962025316,4.414006632834758,9.42830558523267,High Volume / Problematic
440dd6ab244315c632130ecfb63827b1,94,91,0.13186813186813187,3.8191489361702127,2.6378229293854294,13.609044312169312,High Volume / Problematic
d05ae8f7a5bd1d2a690a44cd079e4e27,78,77,0.06493506493506493,3.8205128205128207,2.284479467291967,8.742990620490621,High Volume / Reliable
b1fc4f64df5a0e8b6913ab38803c57a9,107,107,0.12149532710280374,3.822429906542056,4.615908943406023,10.957980919003115,High Volume / Problematic
7a241947449cc45dbfda4f9d0798d9d0,62,56,0.07142857142857142,3.8225806451612905,3.890480218855219,9.045843667328041,High Volume / Problematic
966cb4760537b1404caedd472cc610a5,75,67,0.029850746268656716,3.8266666666666667,1.7231840979236814,7.85518864013267,High Volume / Reliable
c31eff8334d6b3047ed34bebd4d62c36,122,120,0.11666666666666667,3.8278688524590163,4.891289098972923,7.102930459104939,High Volume / Problematic
dd7ddc04e1b6c2c614352b383efe2d36,122,121,0.12396694214876033,3.8278688524590163,6.65190557484568,8.141298128858024,High Volume / Problematic
f84a00e60c73a49e7e851c9bdca3a5bb,90,88,0.10227272727272728,3.8333333333333335,2.0659897148569026,9.396152146464646,High Volume / Problematic
09f952a5f58d2285b0372551ae8f9b01,50,50,0.06,3.84,2.301365268329554,10.440297916666665,High Volume / Reliable
8a32e327fe2c1b3511609d81aaf9f042,132,126,0.031746031746031744,3.840909090909091,1.899655166078777,6.598595036008231,High Volume / Reliable
2a261b5b644fa05f4f2700eb93544f2c,51,51,0.1568627450980392,3.843137254901961,1.8230614606953894,11.890067855846041,High Volume / Problematic
688756f717c462a206ad854c5027a64a,83,81,0.037037037037037035,3.8433734939759034,4.049152234796525,6.298926611796983,High Volume / Reliable
c33847515fa6305ce6feb1e818569f13,114,114,0.03508771929824561,3.8508771929824563,1.5828184434434434,7.332481115984406,High Volume / Reliable
e62b2d6ac10570a035a30bafcf01d263,62,62,0.11290322580645161,3.8548387096774195,5.0025658975507765,8.793272662783751,High Volume / Problematic
522620dcb18a6b31cd7bdf73665113a9,174,172,0.0872093023255814,3.8563218390804597,2.386501448451375,12.715857288975023,High Volume / Problematic
318f287a62ab7ac10b703ac37435a231,52,51,0.09803921568627451,3.8653846153846154,4.002931417937545,7.247823847131445,High Volume / Problematic
fffd5413c0700ac820c7069d66d98c89,60,57,0.12280701754385964,3.8666666666666667,2.033978587962963,11.425658706952566,High Volume / Problematic
7202e2ba20579a9bd1acb29e61fe71f6,53,51,0.0392156862745098,3.8679245283018866,1.2100421971450617,11.631500090777052,High Volume / Reliable
8e6cc767478edae941d9bd9eb778d77a,106,100,0.06,3.8679245283018866,5.943328009259258,10.383903935185185,High Volume / Reliable
fcb5ace8bcc92f75707dc0f01a27d269,62,59,0.03389830508474576,3.870967741935484,3.6136738547758283,6.4250816070307595,High Volume / Reliable
4c18691b6037662be2df78a765d98ab5,63,63,0.06349206349206349,3.873015873015873,1.6300683243727598,7.2373034244562024,High Volume / Reliable
5656537e588803a555b8eb41f07a944b,174,171,0.05847953216374269,3.8735632183908044,1.5906056636726547,9.331086067792938,High Volume / Reliable
4a3ccda38b2129705f3fb522db62ca31,66,64,0.0625,3.878787878787879,3.1654286024305556,9.885845088252315,High Volume / Reliable
99eaacc9e6046db1c82b163c5f84869f,66,63,0.1111111111111111,3.878787878787879,3.2034229864785417,11.093955393885949,High Volume / Problematic
50c9975695009e5e6473912e83a6d1da,50,50,0.14,3.88,3.22780162037037,12.830892361111111,High Volume / Problematic
c3867b4666c7d76867627c2f7fb22e21,245,228,0.10964912280701754,3.8816326530612244,2.5642103740253415,12.5267632695744,High Volume / Problematic
04308b1ee57b6625f47df1d56f00eedf,94,92,0.07608695652173914,3.882978723404255,5.867795202482703,12.535493911030596,High Volume / Problematic
06e5eefc71ec47ae763c5c6f8db7064f,92,90,0.0,3.891304347826087,1.9963321759259258,8.684239102163962,High Volume / Reliable
9e6229250fedbe05838fef417b74e7fb,74,73,0.0273972602739726,3.891891891891892,3.07314358372457,8.357892725773718,High Volume / Reliable
e5a3438891c0bfdb9394643f95273d8e,224,216,0.1574074074074074,3.892857142857143,3.3605648791152265,11.747107445987654,High Volume / Problematic
48162d548f5b1b11b9d29d1e01f75a61,68,66,0.015151515151515152,3.8970588235294117,1.226241407126824,9.938035739337822,High Volume / Reliable
1c68394e931a64f90ea236c5ea590300,142,142,0.035211267605633804,3.9014084507042255,4.657751182033097,10.98753447769953,High Volume / Reliable
002100f778ceb8431b7a1020ff7ab48f,51,50,0.18,3.9019607843137254,3.470041435185185,11.975597916666665,High Volume / Problematic
beadbee30901a7f61d031b6b686095ad,64,64,0.234375,3.90625,7.1307978877314815,6.598329897280093,High Volume / Problematic
a673821011d0cec28146ea42f5ab767f,129,125,0.104,3.9069767441860463,3.8412255451015533,8.752662314814815,High Volume / Problematic
d673a59aac7a70d8b01e6902bf090a11,79,79,0.0759493670886076,3.911392405063291,1.936444805194805,11.905622509376466,High Volume / Problematic
4992e76a42cb3aad7a7047e0d3d7e729,57,56,0.05357142857142857,3.912280701754386,1.2757464185883998,6.158652240410054,High Volume / Reliable
2528513dd95219a6013d4d05176e391a,161,160,0.0375,3.9130434782608696,2.132664088138772,8.098373587817377,High Volume / Reliable
ef506c96320abeedfb894c34db06f478,324,316,0.07911392405063292,3.9166666666666665,2.9387097471284576,9.931229232594937,High Volume / Problematic
6560211a19b47992c3666cc44a7e94c0,1854,1819,0.052776250687190766,3.9190938511326863,1.2504129875775096,8.019207592694398,High Volume / Reliable
11bfa66332777660bd0640ee84d47006,76,76,0.14473684210526316,3.9210526315789473,2.1002275219298245,13.91176093445419,High Volume / Problematic
a6fe7de3d16f6149ffe280349a8535a0,51,50,0.12,3.9215686274509802,3.715709953703704,10.764542824074073,High Volume / Problematic
e9d99831abad74458942f21e16f33f92,130,130,0.1,3.923076923076923,3.488545227920228,8.99201972078668,High Volume / Problematic
a420f60ff1aa9acc80d0e42959f2b313,67,67,0.07462686567164178,3.925373134328358,1.27455608974359,10.086266929242676,High Volume / Problematic
8160255418d5aaa7dbdc9f4c64ebda44,385,380,0.1368421052631579,3.9272727272727272,3.6541588073484625,12.290163224902534,High Volume / Problematic
f4aba7c0bca51484c30ab7bdc34bcdd1,110,108,0.05555555555555555,3.9272727272727272,3.9237561085390946,6.513742069615912,High Volume / Reliable
6d66611d7c44cc30ce351abc49a68421,166,164,0.054878048780487805,3.927710843373494,3.3710833051038844,8.204265469738031,High Volume / Reliable
cd68562d3f44870c08922d380acae552,125,122,0.1557377049180328,3.928,3.3155583067698844,12.5805293715847,High Volume / Problematic
2138ccb85b11a4ec1e37afbd1c8eda1f,396,388,0.04639175257731959,3.9318181818181817,2.2387509570293807,8.623443674828179,High Volume / Reliable
e5a38146df062edaf55c38afa99e42dc,121,120,0.075,3.9338842975206614,2.4811438716258634,9.311871498599439,High Volume / Problematic
7ddcbb64b5bc1ef36ca8c151f6ec77df,334,325,0.08307692307692308,3.934131736526946,2.0376922743055554,10.248008404558405,High Volume / Problematic
4c2b230173bb36f9b240f2b8ac11786e,261,258,0.09302325581395349,3.9348659003831417,4.767865615130635,7.593278962101636,High Volume / Problematic
3be634553519fb6536a03e1358e9fdc7,83,80,0.075,3.9397590361445785,2.3719752604166664,7.471539207175925,High Volume / Problematic
822166ed1e47908f7cfb49946d03c726,69,69,0.014492753623188406,3.9420289855072466,2.98830615942029,9.182904589371981,High Volume / Reliable
4e922959ae960d389249c378d1c939f5,420,412,0.08980582524271845,3.9452380952380954,3.4615505562380564,10.652648468401654,High Volume / Problematic
a3e9a2c700480d9bb01fba070ba80a0e,130,129,0.09302325581395349,3.9461538461538463,2.428246117672791,10.508278513494114,High Volume / Problematic
7d76b645482be4a332374e8223836592,176,172,0.09302325581395349,3.9488636363636362,3.464752409573316,9.724342229220499,High Volume / Problematic
001cca7ae9ae17fb1caed9dfb1094831,200,195,0.06153846153846154,3.95,2.1869147079772078,10.807804546533713,High Volume / Reliable
0be8ff43f22e456b4e0371b2245e4d01,161,156,0.0641025641025641,3.950310559006211,2.248911435786436,7.88690697708927,High Volume / Reliable
8e8a7ce9f2f970dc00e2acf6f6e199f6,65,63,0.06349206349206349,3.953846153846154,1.7970936006571088,10.212726153733099,High Volume / Reliable
f45122a9ab94eb4f3f8953578bc0c560,187,184,0.07065217391304347,3.9572192513368982,1.1997851442602825,11.139940053844606,High Volume / Problematic
ca3bd7cd9f149df75950150d010fe4a2,71,68,0.014705882352941176,3.9577464788732395,5.4653487769485904,7.37134633714597,High Volume / Reliable
8b28d096634035667e8263d57ba3368c,143,139,0.1079136690647482,3.958041958041958,2.531874744689542,11.161283306687984,High Volume / Problematic
59b22a78efb79a4797979612b885db36,125,125,0.112,3.96,1.758452804560759,10.48981212962963,High Volume / Problematic
cfb1a033743668a192316f3c6d1d2671,147,143,0.0979020979020979,3.9659863945578233,3.535757775821596,8.295518405205906,High Volume / Problematic
a17f621c590ea0fab3d5d883e1630ec6,65,63,0.06349206349206349,3.9692307692307693,1.5901015531660694,9.57180243239271,High Volume / Reliable
06a2c3af7b3aee5d69171b0e14f0ee87,392,389,0.19023136246786632,3.9693877551020407,4.664792542542543,12.894393417356946,High Volume / Problematic
95e03ca3d4146e4011985981aeb959b9,175,172,0.03488372093023256,3.9714285714285715,1.8626453950252029,10.358954565030148,High Volume / Reliable
5dceca129747e92ff8ef7a997dc4f8ca,325,322,0.055900621118012424,3.9723076923076923,1.9891771264665288,9.050103879112031,High Volume / Reliable
1025f0e2d44d7041d6cf58b6550e0bfa,915,910,0.07912087912087912,3.9737704918032786,3.8214399024581374,8.147154265873016,High Volume / Problematic
92eb0f42c21942b6552362b9b114707d,341,334,0.04790419161676647,3.9765395894428153,5.1148785243576915,8.057252716788645,High Volume / Reliable
3b15288545f8928d3e65a8f949a28291,104,101,0.06930693069306931,3.980769230769231,2.9085020168683533,11.223913870553723,High Volume / Problematic
ea8482cd71df3c1969d7b9473ff13abc,1146,1132,0.08480565371024736,3.9834205933682374,2.9613996474455484,9.943327597418532,High Volume / Problematic
bd23da7354813347129d751591d1a6e2,89,86,0.023255813953488372,3.9887640449438204,1.8414775326797386,7.507658134151594,High Volume / Reliable
813348c996469b40f2e028d5429d3495,179,172,0.046511627906976744,3.988826815642458,1.6689910368217056,8.175564168819983,High Volume / Reliable
e9bc59e7b60fc3063eb2290deda4cced,216,209,0.07655502392344497,3.990740740740741,4.968226896154527,8.808561990519227,High Volume / Problematic
0b90b6df587eb83608a64ea8b390cf07,164,163,0.03680981595092025,4.0,2.3878562324191277,11.772375099409226,High Volume / Reliable
1336efc61c316ddf92c899eb817f7cae,74,74,0.08108108108108109,4.0,2.938449386886887,8.449829829829829,High Volume / Problematic
1d8dbc4f32378d715c717c1c1fc57bae,92,91,0.08791208791208792,4.0,3.9097069597069596,11.393618742368743,High Volume / Problematic
34056b8b55c1775a22af2331670a799c,78,77,0.11688311688311688,4.0,1.4027169011544012,10.990464766714767,High Volume / Problematic
701938c450705b8ae65fc923b70f35c7,75,74,0.04054054054054054,4.0,2.916905812062062,9.742412412412413,High Volume / Reliable
dfa0c4c6229ab200a4a1336b4d7128ff,77,77,0.012987012987012988,4.0,0.7656816961889426,8.777301737614238,High Volume / Reliable
7d13fca15225358621be4086e1eb0964,565,558,0.11469534050179211,4.010619469026548,3.50325916649801,11.9286762826895,High Volume / Problematic
0dd184061fb0eaa7ca37932c68ab91c5,161,161,0.10559006211180125,4.012422360248447,2.670478543447293,8.930354482976766,High Volume / Problematic
48436dade18ac8b2bce089ec2a041202,138,134,0.07462686567164178,4.0144927536231885,4.064572709369817,9.997200456053069,High Volume / Problematic
0c8380b62e38e8a1e6adbeba7eb9688c,182,180,0.05,4.016483516483516,2.8133067772633744,9.839109953703703,High Volume / Reliable
45d33f715e24d15a6ccf5c17b3a23e3c,59,56,0.05357142857142857,4.016949152542373,3.9285675016534394,7.132240823412699,High Volume / Reliable
0adac9fbd9a2b63cccaac4f8756c1ca8,110,106,0.05660377358490566,4.0181818181818185,3.865352733686067,8.850313482704403,High Volume / Reliable
7142540dd4c91e2237acb7e911c4eba2,319,316,0.07278481012658228,4.021943573667712,3.43198466068917,10.901048369374122,High Volume / Problematic
391fc6631aebcf3004804e51b40bcf1e,526,521,0.08637236084452975,4.022813688212928,3.1171725997842503,11.080748024810525,High Volume / Problematic
634964b17796e64304cadf1ad3050fb7,268,265,0.09433962264150944,4.026119402985074,3.1033298392732354,10.888523541229908,High Volume / Problematic
7178f9f4dd81dcef02f62acdf8151e01,203,202,0.034653465346534656,4.029556650246305,4.640211599284928,10.461481767968463,High Volume / Reliable
aac29b1b99776be73c3049939652091d,98,94,0.09574468085106383,4.030612244897959,2.832446361011549,11.865423315602838,High Volume / Problematic
3bdff180c7e1f6551a643b99c265a120,59,56,0.017857142857142856,4.033898305084746,1.7201510830026456,7.8983738425925925,High Volume / Reliable
062ce95fa2ad4dfaedfc79260130565f,55,54,0.037037037037037035,4.036363636363636,5.317920096021948,7.739030564128944,High Volume / Reliable
6c177e38df6d3f34182b1f1d427231bf,55,53,0.018867924528301886,4.036363636363636,6.346406140810622,7.928025637665967,High Volume / Reliable
a888faf2d1baececa6baf9c3d603ee1f,54,53,0.09433962264150944,4.037037037037037,6.572733665269043,11.155447239692522,High Volume / Problematic
5d0363b33554b373851fc1622e4d5f3c,94,93,0.08602150537634409,4.042553191489362,3.6402927120669055,8.589332686180805,High Volume / Problematic
17ca9b9e9b9ef8fdb529001b49ebb50f,116,115,0.008695652173913044,4.043103448275862,1.5192607736240915,6.333261876006442,High Volume / Reliable
066a6914e1ebf3ea95a216c73a986b91,68,66,0.030303030303030304,4.044117647058823,3.056768202861953,10.203633547008549,High Volume / Reliable
79ebd9a61bac3eaf882805ed4ecfa12a,136,133,0.045112781954887216,4.044117647058823,4.877109725729517,9.953348214285713,High Volume / Reliable
9674754b5a0cb32b638cec001178f799,86,84,0.023809523809523808,4.046511627906977,1.8733282520325205,6.293037367724867,High Volume / Reliable
c8b0e2b0a7095e5d8219575d5e7e1181,84,84,0.07142857142857142,4.0476190476190474,1.113098136716964,8.881160438712522,High Volume / Problematic
00fc707aaaad2d31347cf883cd2dfe10,103,103,0.038834951456310676,4.048543689320389,2.324967525170802,12.38138349514563,High Volume / Reliable
6860153b69cc696d5dcfe1cdaaafcf62,74,74,0.08108108108108109,4.054054054054054,1.3537744165398276,8.468176144894896,High Volume / Problematic
3df020b72d3d44b3af9d110fa3940b65,55,55,0.09090909090909091,4.054545454545455,1.6684895833333333,11.395420664983165,High Volume / Problematic
fa1a9dec3a9940c072684a46728bf1fc,55,55,0.0,4.054545454545455,4.763083333333333,9.148787878787878,High Volume / Reliable
16090f2ca825584b5a147ab24aa30c86,402,398,0.08040201005025126,4.054726368159204,1.4964678701341647,7.174773898427322,High Volume / Problematic
cc419e0650a3c5ba77189a1882b7556a,1706,1651,0.052695336159903086,4.060961313012895,2.398660944320688,8.732251665657177,High Volume / Reliable
951e8cef368f09bb3f3d03c00ca4702c,64,62,0.06451612903225806,4.0625,1.6015671669653524,7.256002090800478,High Volume / Reliable
1f9ab4708f3056ede07124aad39a2554,78,76,0.05263157894736842,4.064102564102564,2.694680342348928,11.351826876218324,High Volume / Reliable
d91fb3b7d041e83b64a00a3edfb37e4f,535,524,0.03816793893129771,4.065420560747664,2.814234399769419,8.134817951300537,High Volume / Reliable
05f51e13da97139648b8125c31e5f51b,60,57,0.15789473684210525,4.066666666666666,4.991830531189084,7.338907366796621,High Volume / Problematic
41b39e28db005d9731d9d485a83b4c38,195,187,0.0481283422459893,4.066666666666666,4.131019016328156,7.9521512221226605,High Volume / Reliable
aaed1309374718fdd995ee4c58c9dfcd,105,104,0.028846153846153848,4.066666666666666,1.5094881810897436,10.284269052706552,High Volume / Reliable
8b321bb669392f5163d04c59e235e066,943,930,0.08709677419354839,4.06998939554613,2.040265132030178,10.256545238450816,High Volume / Problematic
37515688008a7a40ac93e3b2e4ab203f,228,227,0.07929515418502203,4.0701754385964914,4.562352188366781,10.184428978203869,High Volume / Problematic
c826c40d7b19f62a09e2d7c5e7295ee2,354,346,0.07514450867052024,4.070621468926554,2.3432382099665263,10.573179826321986,High Volume / Problematic
b2ba3715d723d245138f291a6fe42594,337,324,0.06790123456790123,4.071216617210682,5.083693783068783,8.655639181812987,High Volume / Problematic
f80edd2c5aaa505cc4b0a3b219abf4b8,119,116,0.05172413793103448,4.07563025210084,3.125635768921095,8.727044987922705,High Volume / Reliable
2c9e548be18521d1c43cde1c582c6de8,126,124,0.1532258064516129,4.079365079365079,1.6024709236675698,11.657765456989248,High Volume / Problematic
96493fab2fbb13a14d0c0e8772eef5c3,63,63,0.06349206349206349,4.079365079365079,4.414186691651969,8.677793026161082,High Volume / Reliable
53e4c6e0f4312d4d2107a8c9cddf45cd,473,463,0.047516198704103674,4.080338266384778,3.5895750160333493,8.034425404842072,High Volume / Reliable
05d2173d43ea568aa0540eba70d2ca76,62,62,0.04838709677419355,4.080645161290323,2.0103815710872164,12.362079413082437,High Volume / Reliable
06579cb253ecd5a3a12a9e6eb6bf8f47,62,61,0.06557377049180328,4.080645161290323,1.8781377125075895,7.733866879174256,High Volume / Reliable
004c9cd9d87a3c30c522c48c4fc07416,158,156,0.0641025641025641,4.082278481012659,1.3861875746714456,13.04558567782526,High Volume / Reliable
8648b1e89e9b349e32d3741b30ec737e,95,93,0.0967741935483871,4.08421052631579,1.1816657860305957,7.644910767622461,High Volume / Problematic
8f2ce03f928b567e3d56181ae20ae952,153,151,0.12582781456953643,4.084967320261438,3.110088348765432,10.793648286117243,High Volume / Problematic
77530e9772f57a62c906e1c21538ab82,320,312,0.09294871794871795,4.0875,1.984112135701275,12.612480079237892,High Volume / Problematic
1127b7f2594683f2510f1c2c834a486b,114,110,0.01818181818181818,4.087719298245614,2.0748458543771044,6.8264906355218855,High Volume / Reliable
cc63f0dd2acba93ffed4fe9f8e0321fa,55,55,0.0,4.090909090909091,1.662917297979798,6.974865319865319,High Volume / Reliable
7aa4334be125fcdd2ba64b3180029f14,217,214,0.11682242990654206,4.092165898617512,4.963843187521634,10.633475971570162,High Volume / Problematic
f214d28e8d8e3ef068748498ccc2f813,54,52,0.07692307692307693,4.092592592592593,2.516765268874644,7.425687989672364,High Volume / Problematic
2a7dc43cecabf23403078e2188437d1d,52,52,0.057692307692307696,4.096153846153846,3.8714996368917935,8.961554042022792,High Volume / Reliable
f27e33c6d29b5138fa9967bcd445b6d5,93,93,0.08602150537634409,4.096774193548387,3.8872194842692154,7.548359343886897,High Volume / Problematic
9c0e69c7bf2619675bbadf47b43f655a,157,151,0.08609271523178808,4.101910828025478,4.6447070456217805,9.395108765636497,High Volume / Problematic
7ea5bfa6c340f58f8e71fc1f0412b0d6,98,96,0.0625,4.1020408163265305,1.934820662768031,10.78221390335648,High Volume / Reliable
2e1c9f22be269ef4643f826c9e650a52,167,161,0.062111801242236024,4.107784431137724,1.8561011185875318,7.692927737520129,High Volume / Reliable
cbd996ad3c1b7dc71fd0e5f5df9087e2,165,160,0.08125,4.109090909090909,1.7139910300925927,10.832680700231482,High Volume / Problematic
6a8b085f816a1f75f92dbac6eb545f8f,127,125,0.08,4.110236220472441,2.0072130198846385,12.365185462962963,High Volume / Problematic
5c243662ce92d84573bfaff24c3e3700,98,98,0.01020408163265306,4.112244897959184,2.8629209183673474,7.631756188586546,High Volume / Reliable
ececbfcff9804a2d6b40f589df8eef2b,98,97,0.09278350515463918,4.112244897959184,1.3640556773879142,11.445021835624285,High Volume / Problematic
048c2757535328e0d7dac690ad3c0aae,51,50,0.12,4.117647058823529,2.421369675925926,15.627766203703704,High Volume / Problematic
2e90cb1677d35cfe24eef47d441b7c87,127,127,0.12598425196850394,4.118110236220472,1.9605398148148148,10.148499927092447,High Volume / Problematic
b499c00f28f4b7069ff6550af8c1348a,152,147,0.1292517006802721,4.118421052631579,3.0361032343106995,7.880227308515998,High Volume / Problematic
7681ef142fd2c19048da7430856b5588,59,58,0.08620689655172414,4.11864406779661,1.64009197255291,8.417642680395913,High Volume / Problematic
8cbac7e12637ed9cffa18c7875207478,67,66,0.06060606060606061,4.119402985074627,2.18533457977208,11.364208578843995,High Volume / Reliable
76d5af76d0271110f9af36c92573f765,131,128,0.09375,4.122137404580153,2.847192184744268,8.649946379484954,High Volume / Problematic
5a8e7d5003a1f221f9e1d6e411de7c23,139,137,0.0364963503649635,4.122302158273381,2.0157193667207354,7.838092474317383,High Volume / Reliable
4869f7a5dfa277a7dca6462dcf3b52b2,1132,1124,0.10498220640569395,4.122791519434629,2.3775057454036768,12.308212526360881,High Volume / Problematic
53243585a1d6dc2643021fd1853d8905,358,348,0.034482758620689655,4.122905027932961,3.0587662968284377,9.897656449553,High Volume / Reliable
056b4ada5bbc2c50cc7842547dda6b51,65,64,0.109375,4.123076923076923,1.8073470704310868,10.692004304108796,High Volume / Problematic
e26901d5ab434ce92fd9b5c256820a4e,202,197,0.015228426395939087,4.123762376237623,2.4492285909005456,6.485990846493702,High Volume / Reliable
adbc26658d6c7b4b6219f9d934598091,88,88,0.13636363636363635,4.125,3.2036766067538123,13.760885022095959,High Volume / Problematic
f262cbc1c910c83959f849465454ddd3,192,189,0.07407407407407407,4.125,1.294012012012012,7.431036767587694,High Volume / Problematic
7e1fb0a3ebfb01ffb3a7dae98bf3238d,159,155,0.11612903225806452,4.1257861635220126,1.2115201612903226,13.94345310633214,High Volume / Problematic
1f50f920176fa81dab994f9023523100,1404,1399,0.08863473909935668,4.1260683760683765,3.456799548020342,11.841619741614382,High Volume / Problematic
ceaec5548eefc6e23e6607c5435102e7,203,198,0.050505050505050504,4.12807881773399,2.720669642857143,9.844933069117097,High Volume / Reliable
a416b6a846a11724393025641d4edd5e,162,157,0.10828025477707007,4.12962962962963,3.012266353046595,9.220809595423448,High Volume / Problematic
7e3f87d16fb353f408d467e74fbd8014,92,91,0.06593406593406594,4.130434782608695,1.8171019027269026,10.18854332010582,High Volume / Reliable
4830e40640734fc1c52cd21127c341d4,210,204,0.049019607843137254,4.133333333333334,1.6199287880861157,8.071322111020335,High Volume / Reliable
3d871de0142ce09b7081e2b9d1733cb1,1080,1064,0.05451127819548872,4.135185185185185,2.9513768330179753,10.206548587179755,High Volume / Reliable
729f06993dac8e860d4f02d7088ca48a,96,94,0.09574468085106383,4.135416666666667,2.176141555958132,9.22709121355398,High Volume / Problematic
0d85bbda9889ce1f7e63778d24f346eb,51,51,0.11764705882352941,4.137254901960785,2.7204852033405955,12.565450027233116,High Volume / Problematic
9b013e03b2ab786505a1d3b5c0756754,174,170,0.041176470588235294,4.137931034482759,2.285406894544245,5.906211873638344,High Volume / Reliable
1da3aeb70d7989d1e6d9b0e887f97c23,265,261,0.04597701149425287,4.139622641509434,1.5553575897325895,6.750679398148149,High Volume / Reliable
c9c7905cffc4ef9ff9f113554423e671,127,127,0.07874015748031496,4.141732283464567,1.6555138521457966,9.07571021070283,High Volume / Problematic
955fee9216a65b617aa5c0531780ce60,1287,1261,0.06106264869151467,4.142968142968143,1.7374876367845118,8.565343771110525,High Volume / Reliable
218d46b86c1881d022bce9c68a7d4b15,388,382,0.08638743455497382,4.144329896907217,1.6676738541362885,11.928777613735784,High Volume / Problematic
dc317f341ab0e22f39acbd9dbf9b4a1f,55,55,0.05454545454545454,4.1454545454545455,2.5733251262626267,9.385736321548821,High Volume / Reliable
db4350fd57ae30082dec7acbaacc17f9,137,136,0.03676470588235294,4.145985401459854,1.8017189643347051,8.391515097358388,High Volume / Reliable
4e7c18b98d84e05cbae3ff0ff03846c2,82,81,0.037037037037037035,4.146341463414634,1.6792882676980778,9.946221422039324,High Volume / Reliable
0c7533c71df861ec58ad7ff999ed0e8d,61,61,0.04918032786885246,4.147540983606557,2.6308464253187616,7.886208067698847,High Volume / Reliable
e067ad2c1c0b48758eb1b5228bcf7a68,54,54,0.07407407407407407,4.148148148148148,5.756727323388203,8.922158564814815,High Volume / Problematic
d94a40fd42351c259927028d163af842,101,100,0.03,4.148514851485149,2.5780609882842027,11.102542592592592,High Volume / Reliable
582d4f8675b945722eda7c0cb61ba4c7,59,59,0.01694915254237288,4.1525423728813555,1.247252354725415,9.442240858443189,High Volume / Reliable
98dac6635aee4995d501a3972e047414,91,89,0.0449438202247191,4.153846153846154,3.312808988764045,5.980339725378787,High Volume / Reliable
ebd2d60905fb58271facef5596b620d3,84,82,0.036585365853658534,4.154761904761905,1.3567906950160036,11.328114696251129,High Volume / Reliable
8a432f4e5b471f8da497d7dc517666e2,95,95,0.021052631578947368,4.157894736842105,1.0063970754290876,6.554637914230019,High Volume / Reliable
1b8356dabde1d35e17cef975c3f82730,56,55,0.01818181818181818,4.160714285714286,1.4285822811447813,8.747924242424242,High Volume / Reliable
b92e3c8f9738272ff7c59e111e108d7c,62,62,0.03225806451612903,4.161290322580645,5.121674256223437,11.257990778076463,High Volume / Reliable
b76dba6c951ab00dc4edf0a1aa88037e,159,157,0.03184713375796178,4.163522012578617,1.7439932795698925,8.134020553196509,High Volume / Reliable
01cf7e3d21494c41fb86034f2e714fa1,61,59,0.05084745762711865,4.163934426229508,2.356133660600255,9.04330724262398,High Volume / Reliable
b33e7c55446eabf8fe1a42d037ac7d6d,152,149,0.11409395973154363,4.1644736842105265,2.1089133054287164,13.773163528461346,High Volume / Problematic
128639473a139ac0f3e5f5ade55873a5,533,527,0.04174573055028463,4.165103189493434,2.5172471340388007,11.43278368560686,High Volume / Reliable
ce7d1888639e6fb06b2749cbfdac1ff7,78,78,0.08974358974358974,4.166666666666667,2.1975910894660893,12.029785137701804,High Volume / Problematic
da8622b14eb17ae2831f4ac5b9dab84a,1314,1311,0.06636155606407322,4.1697108066971085,2.2976263158084214,8.491726003675431,High Volume / Reliable
900ba814c251a692506d7834c1218441,88,86,0.13953488372093023,4.170454545454546,3.3948426733419463,8.443735465116278,High Volume / Problematic
46dc3b2cc0980fb8ec44634e21d2718e,521,503,0.05765407554671968,4.1708253358925145,2.843387807717898,8.822211408993654,High Volume / Reliable
85d9eb9ddc5d00ca9336a2219c97bb13,509,499,0.022044088176352707,4.170923379174853,6.619844782156907,7.465384031952794,High Volume / Reliable
bd0389da23d89b726abf911cccc54596,87,87,0.06896551724137931,4.172413793103448,1.319542211328976,11.886504363558963,High Volume / Problematic
f3b80352b986ab4d1057a4b724be19d0,87,86,0.0,4.172413793103448,2.2252026840828925,7.843335217484927,High Volume / Reliable
17e34d8224d27a541263c4c64b11a56b,255,247,0.07692307692307693,4.172549019607843,2.689245134164777,11.31147777965212,High Volume / Problematic
e24fc9fcd865784fb25705606fe3dfe7,52,51,0.0784313725490196,4.173076923076923,1.6967749183006537,10.610756626724765,High Volume / Problematic
f84fa566034f5e8e880a07ec624c56af,91,89,0.10112359550561797,4.175824175824176,3.5958097860791827,8.087830836454433,High Volume / Problematic
86ccac0b835037332a596a33b6949ee1,180,178,0.02247191011235955,4.177777777777778,2.4523546738451936,9.200593351119482,High Volume / Reliable
4d6d651bd7684af3fffabd5f08d12e5a,369,363,0.03856749311294766,4.184281842818428,3.619677501286008,9.061537630088766,High Volume / Reliable
ce248b21cb2adc36282ede306b7660e5,65,64,0.078125,4.184615384615385,1.7334101924189815,13.382536349826388,High Volume / Problematic
624f4ece8da4aafb77699233d480f8ef,53,52,0.07692307692307693,4.188679245283019,3.6002406071937325,9.614643652065526,High Volume / Problematic
1a3df491d1c4f1589fc2b934ada68bf2,167,160,0.0375,4.191616766467066,3.5078156499062354,10.998356987847222,High Volume / Reliable
8d956fec2e4337affcb520f56fd8cbfd,211,210,0.06190476190476191,4.199052132701421,1.3950420468777955,7.5016141424162255,High Volume / Reliable
e9779976487b77c6d4ac45f75ec7afe9,657,645,0.06046511627906977,4.199391171993912,2.2451116879892514,7.2456113802756255,High Volume / Reliable
17a053fcb14bd219540cbde0df490be0,125,124,0.056451612903225805,4.2,3.177768195962356,8.459087981630825,High Volume / Reliable
d650b663c3b5f6fb392b6326366efa9a,60,57,0.05263157894736842,4.2,1.4629472552910054,8.075986029889538,High Volume / Reliable
f7720c4fa8e3aba4546301ab80ea1f1b,60,59,0.05084745762711865,4.2,2.1543987573099415,8.58367898618958,High Volume / Reliable
7722b1df1b0e383e000397b2c11e3e19,134,133,0.03007518796992481,4.201492537313433,1.9346285774410776,6.200151602833895,High Volume / Reliable
3db66a856d18a9cba7c9241fc5221c50,94,94,0.10638297872340426,4.202127659574468,5.287863475177305,10.26252056245075,High Volume / Problematic
3078096983cf766a32a06257648502d1,59,56,0.03571428571428571,4.203389830508475,1.5617861276455027,10.18972408234127,High Volume / Reliable
0db783cfcd3b73998abc6e10e59a102f,132,132,0.03787878787878788,4.204545454545454,2.4582862418716425,8.65840242704826,High Volume / Reliable
7e93a43ef30c4f03f38b393420bc753a,336,319,0.047021943573667714,4.205357142857143,2.464973671754822,8.47593310983397,High Volume / Reliable
f7ba60f8c3f99e7ee4042fdef03b70c4,219,218,0.13761467889908258,4.205479452054795,2.110836441186557,10.768842061671764,High Volume / Problematic
91f848e9f4be368f4318775aac733370,63,60,0.016666666666666666,4.2063492063492065,1.2893854166666665,8.184414544753087,High Volume / Reliable
827f8f69dfa529c561901c4f2e0f332f,91,91,0.06593406593406594,4.208791208791209,5.509900412087912,7.888721001221001,High Volume / Reliable
562fc2f2c2863ab7e79a9e4388a58a14,260,255,0.03137254901960784,4.211538461538462,1.5384561965811965,9.28896890885984,High Volume / Reliable
a1043bafd471dff536d0c462352beb48,718,702,0.04985754985754986,4.213091922005571,1.5703889431158828,11.69377746781682,High Volume / Reliable
d50d79cb34e38265a8649c383dcffd48,70,70,0.04285714285714286,4.214285714285714,1.6615226521164022,11.195778482286634,High Volume / Reliable
e59aa562b9f8076dd550fcddf0e73491,70,69,0.08695652173913043,4.214285714285714,1.9778764978213508,11.194586520397209,High Volume / Problematic
d6b1ce66b035a475f00c017792ff9769,92,92,0.05434782608695652,4.217391304347826,2.160894129019129,7.38938896437198,High Volume / Reliable
537eb890efff034a88679788b647c564,160,158,0.0379746835443038,4.21875,1.397472622863248,7.418496835443038,High Volume / Reliable
f8db351d8c4c4c22c6835c19a46f01b0,667,659,0.042488619119878605,4.2188905547226385,1.3169883436373004,8.105565461136402,High Volume / Reliable
f0b47fbbc6dee9aafe415a6e33051b3f,68,67,0.1044776119402985,4.220588235294118,2.972080878226712,6.930981550580431,High Volume / Problematic
1b4c3a6f53068f0b6944d2d005c9fc89,113,111,0.04504504504504504,4.221238938053097,1.497813893175583,12.562315127627627,High Volume / Reliable
59fb871bf6f4522a87ba567b42dafecf,126,123,0.056910569105691054,4.222222222222222,2.478846577109897,9.221415424570914,High Volume / Reliable
b4ffb71f0cb1b1c3d63fad021ecf93e1,144,143,0.02097902097902098,4.222222222222222,1.3584379104281588,8.363501602564103,High Volume / Reliable
bfd27a966d91cfaafdb25d076585f0da,117,114,0.05263157894736842,4.222222222222222,2.0732150319567353,10.116372035412606,High Volume / Reliable
7a67c85e85bb2ce8582c35f2203ad736,1160,1145,0.05240174672489083,4.2267241379310345,1.616972062297018,9.17039525715672,High Volume / Reliable
1c129092bf23f28a5930387c980c0dfc,201,200,0.045,4.2288557213930345,3.651046122685185,7.77686863425926,High Volume / Reliable
4e17c65a516f69d023a2ae78b84f28d6,61,61,0.04918032786885246,4.229508196721311,5.339336419753086,7.7733014571949,High Volume / Reliable
f5a590cf36251cf1162ea35bef76fe84,117,113,0.07079646017699115,4.230769230769231,2.743887067043896,8.603530707145199,High Volume / Problematic
70c27847eca8195c983ed7e798c56743,77,77,0.06493506493506493,4.233766233766234,5.018347648635477,6.088321458633959,High Volume / Reliable
76d64c4aca3a7baf218bf93ef7fa768d,64,64,0.03125,4.234375,1.847435257523148,8.83270435474537,High Volume / Reliable
94144541854e298c2d976cb893b81343,68,68,0.04411764705882353,4.235294117647059,5.240338541666667,7.134786560457517,High Volume / Reliable
7008613ea464bad5cb9b83456e1e6a8f,127,123,0.04878048780487805,4.2362204724409445,2.3640410456187895,11.542805442637759,High Volume / Reliable
620c87c171fb2a6dd6e8bb4dec959fc6,740,722,0.08725761772853186,4.236486486486487,2.3934003241386437,10.208090951061866,High Volume / Problematic
530ec6109d11eaaf87999465c6afee01,97,94,0.010638297872340425,4.237113402061856,1.7087035751028805,8.750588800236406,High Volume / Reliable
05ff92fedb5be47920fea08e501238b9,59,57,0.03508771929824561,4.237288135593221,2.345386078042328,9.646744436322287,High Volume / Reliable
2a84855fd20af891be03bc5924d2b453,164,155,0.025806451612903226,4.237804878048781,1.6710327823422013,6.737716696535244,High Volume / Reliable
669ae81880e08f269a64487cfb287169,162,161,0.043478260869565216,4.2407407407407405,1.527562601910086,10.377347077546297,High Volume / Reliable
750303a20e9c56b2a6bc45cdce0b897d,54,53,0.03773584905660377,4.2407407407407405,1.1311785901467506,12.549356437805729,High Volume / Reliable
6d803cb79cc31c41c4c789a75933b3c7,58,58,0.06896551724137931,4.241379310344827,1.5924620849297573,11.431680635376756,High Volume / Problematic
8f119a0aee85c0c8fc534629734e94fd,77,75,0.04,4.246753246753247,3.29690111986987,6.565409104938271,High Volume / Reliable
cb8bcce248bb1fb274ba762d8b971456,68,66,0.015151515151515152,4.25,1.582222044159544,10.688570952581369,High Volume / Reliable
8581055ce74af1daba164fdbd55a40de,387,379,0.08179419525065963,4.255813953488372,2.7520876006975143,10.01284166422359,High Volume / Problematic
de23c3b98a88888289c6f5cc1209054a,164,161,0.07453416149068323,4.2560975609756095,2.233644675925926,8.503744464573268,High Volume / Problematic
25cf099de44674fde97473224f9d59ab,50,50,0.04,4.26,1.4397477324263037,7.619102314814814,High Volume / Reliable
81a1104df0f08b59c68aa5b03cfe398e,73,72,0.041666666666666664,4.260273972602739,1.812006333590535,10.39713236239712,High Volume / Reliable
dbc22125167c298ef99da25668e1011f,406,394,0.025380710659898477,4.263546798029557,1.1082171695193888,10.036071659381463,High Volume / Reliable
1838dd9b8977065acf51d95e0053ea7a,64,62,0.03225806451612903,4.265625,1.2025520833333332,11.130056750298687,High Volume / Reliable
6b243f80ed07b10f0e8aa0f21a205f3c,79,79,0.0379746835443038,4.265822784810126,1.437071606968811,9.356992938349743,High Volume / Reliable
cab85505710c7cb9b720bceb52b01cee,206,201,0.01990049751243781,4.266990291262136,2.6719159411276947,7.073771478256863,High Volume / Reliable
dbb9b48c841a0e39e21f98e1a6b2ec3e,108,108,0.037037037037037035,4.268518518518518,1.8854074723087573,7.516305191186557,High Volume / Reliable
670c26e0f1bf8d0576271d5cfaec6d2b,78,77,0.05194805194805195,4.269230769230769,1.4235715788840788,12.630377886002886,High Volume / Reliable
0bae85eb84b9fb3bd773911e89288d54,137,136,0.007352941176470588,4.2700729927007295,1.0620262403261471,8.937794543164488,High Volume / Reliable
de722cd6dad950a92b7d4f82673f8833,339,337,0.03560830860534125,4.274336283185841,1.590145202020202,10.63319746675459,High Volume / Reliable
b1a81260566c1bac3114a6d124413f27,51,51,0.0,4.2745098039215685,0.6195979938271605,7.6854148511256355,High Volume / Reliable
259f7b5e6e482c230e5bfaa670b6bb8f,138,136,0.014705882352941176,4.27536231884058,1.4211248607630187,6.99462414266118,High Volume / Reliable
ff063b022a9a0aab91bad2c9088760b7,94,94,0.031914893617021274,4.276595744680851,1.6865212015993265,7.4576377807328615,High Volume / Reliable
30a2f535bb48308f991d0b9ad4a8c4bb,71,71,0.028169014084507043,4.28169014084507,1.4067351046698873,6.59608201058201,High Volume / Reliable
850f4f8af5ea87287ac68de36e29107f,187,186,0.04838709677419355,4.283422459893048,1.0314515398550725,8.705144240342493,High Volume / Reliable
80e6699fe29150b372a0c8a1ebf7dcc8,98,96,0.03125,4.285714285714286,1.5528250487329436,9.532613208912037,High Volume / Reliable
1554a68530182680ad5c8b042c3ab563,247,246,0.06097560975609756,4.287449392712551,2.113217259183051,11.783573696145126,High Volume / Reliable
ccc4bbb5f32a6ab2b7066a4130f114e3,187,184,0.06521739130434782,4.288770053475936,2.8645158602971104,12.535314512882449,High Volume / Reliable
520b493b57809f446cb0a233bb3e25c7,63,63,0.015873015873015872,4.301587301587301,1.6158994708994707,5.670801183127573,High Volume / Reliable
640e21a7d01df7614a3b4923e990d40c,116,115,0.043478260869565216,4.301724137931035,1.3714557488313555,8.842981682769727,High Volume / Reliable
00ee68308b45bc5e2660cd833c3f81cc,135,135,0.07407407407407407,4.303703703703704,1.66790900997151,7.667652091906722,High Volume / Problematic
54a1852d1b8f10312c55e906355666ee,200,198,0.07575757575757576,4.31,1.4027801519468186,9.62138590768799,High Volume / Problematic
37be5a7c751166fbc5f8ccba4119e043,272,269,0.026022304832713755,4.3125,2.996643948781495,7.296978047982927,High Volume / Reliable
9616352088dcf83a7c06637f4ebf1c80,92,91,0.0,4.315217391304348,3.2358375305250306,8.743013583638584,High Volume / Reliable
d98eec89afa3380e14463da2aabaea72,168,168,0.023809523809523808,4.321428571428571,2.216872768853191,6.015109471450617,High Volume / Reliable
fa1c13f2614d7b5c4749cbc52fecda94,585,578,0.09169550173010381,4.326495726495726,2.366222395631694,10.647832564398309,High Volume / Problematic
1e8b33f18b4f7598d87f5cbee2282cc2,123,122,0.03278688524590164,4.333333333333333,1.4548939043209876,6.1636261953551905,High Volume / Reliable
282f23a9769b2690c5dda22e316f9941,99,98,0.04081632653061224,4.333333333333333,3.0330427758487652,7.778030753968254,High Volume / Reliable
70eea00b476a314817cefde4aad4f89a,108,106,0.0660377358490566,4.333333333333333,2.1019184027777778,10.959667081586304,High Volume / Reliable
8c16d1f32a54d92897cc437244442e1b,108,108,0.009259259259259259,4.333333333333333,1.5190741822429907,9.041677597736626,High Volume / Reliable
c70c1b0d8ca86052f45a432a38b73958,261,260,0.05384615384615385,4.333333333333333,3.093035961650627,4.7764724002849,High Volume / Reliable
dee656f0f566ed1aa85bd137c943f08f,93,92,0.043478260869565216,4.333333333333333,1.3917294238683129,10.845597197061192,High Volume / Reliable
9f505651f4a6abe901a56cdc21508025,397,393,0.04071246819338423,4.335012594458438,0.9774433543993728,6.683304471774573,High Volume / Reliable
e333046ce6517bd8bb510291d44f0130,68,68,0.04411764705882353,4.338235294117647,1.5605035585959093,7.981333571623094,High Volume / Reliable
17f51e7198701186712e53a39c564617,56,56,0.08928571428571429,4.339285714285714,11.772656043320106,10.959671999007936,High Volume / Problematic
b561927807645834b59ef0d16ba55a24,85,85,0.1411764705882353,4.341176470588235,3.4633167211328977,8.802498774509804,High Volume / Problematic
0df3984f9dfb3d49ac6366acbd3bbb85,87,86,0.011627906976744186,4.344827586206897,2.314806874461671,6.8635458387166235,High Volume / Reliable
d12c926d74ceff0a90a21184466ce161,78,76,0.013157894736842105,4.346153846153846,1.398762962962963,7.192987962962963,High Volume / Reliable
fd386aa7bed2af3c7035c65506c9b4a3,69,69,0.10144927536231885,4.3478260869565215,1.0252090347923681,7.161514190821256,High Volume / Problematic
0241d4d5d36f10f80c644447315af0bd,238,238,0.046218487394957986,4.348739495798319,1.7539708015418853,8.857080610021788,High Volume / Reliable
fe2032dab1a61af8794248c8196565c9,294,293,0.08873720136518772,4.350340136054422,1.6812417443667442,8.862134290860828,High Volume / Problematic
fc906263ca5083d09dce42fe02247800,114,112,0.0,4.350877192982456,1.7657368138227514,7.172592075892857,High Volume / Reliable
6edacfd9f9074789dad6d62ba7950b9c,208,205,0.04390243902439024,4.350961538461538,1.735874850285609,7.040734643179766,High Volume / Reliable
9646c3513289980f17226a2fc4720dbd,71,69,0.028985507246376812,4.352112676056338,1.9764586688137413,8.894900865539453,High Volume / Reliable
a3a38f4affed601eb87a97788c949667,254,251,0.043824701195219126,4.354330708661418,1.5017672720797721,10.768453131916777,High Volume / Reliable
7b07b3c7487f0ea825fc6df75abd658b,93,91,0.04395604395604396,4.354838709677419,1.7252859177859179,7.6411155626780625,High Volume / Reliable
01fdefa7697d26ad920e9e0346d4bd1b,129,128,0.0546875,4.3565891472868215,1.447665135608049,8.927665834780093,High Volume / Reliable
7d456afc660226829370f3173d14520c,56,55,0.03636363636363636,4.357142857142857,1.6581905136268345,6.566434974747475,High Volume / Reliable
6c7d50c24b3ccd2fd83b44d8bb34e073,114,112,0.017857142857142856,4.359649122807017,2.2535070477843915,9.502682291666668,High Volume / Reliable
4b9750c8ad28220fe6702d4ecb7c898f,218,217,0.059907834101382486,4.362385321100917,1.9027209890965733,7.274675765915686,High Volume / Reliable
08633c14ef2db992c11f840f04fad4cd,74,74,0.05405405405405406,4.364864864864865,1.1352016497130932,8.42476930055055,High Volume / Reliable
2b3e4a2a3ea8e01938cabda2a3e5cc79,52,52,0.0,4.365384615384615,2.4649349537037035,5.749011752136752,High Volume / Reliable
5f1dc28029d2c244352a68107ec2b542,62,62,0.016129032258064516,4.370967741935484,3.1536514336917567,6.0608267995818395,High Volume / Reliable
0ea22c1cfbdc755f86b9b54b39c16043,237,234,0.008547008547008548,4.371308016877637,1.543377163848631,9.01649221470402,High Volume / Reliable
ef0ace09169ac090589d85746e3e036f,129,128,0.078125,4.372093023255814,2.9687480107060185,9.531010470920139,High Volume / Problematic
febab0275244b9a49a623f0bd613ca2f,109,106,0.03773584905660377,4.376146788990826,1.4429085097001766,6.831456459435626,High Volume / Reliable
ba143b05f0110f0dc71ad71b4466ce92,85,83,0.12048192771084337,4.376470588235295,2.5240664556962025,7.180195643685854,High Volume / Problematic
058fd0aa2bfdb2274e05e1ae971dabb6,61,60,0.06666666666666667,4.377049180327869,1.5898938716258633,8.262659336419754,High Volume / Reliable
c6bda72e4dbf5c5866b13cb1810c6d03,59,59,0.03389830508474576,4.389830508474576,1.6373309008160704,8.31914528405524,High Volume / Reliable
87142160b41353c4e5fca2360caf6f92,305,305,0.03934426229508197,4.4,2.5263564043209876,7.953468047965998,High Volume / Reliable
aafe36600ce604f205b86b5084d3d767,129,129,0.03875968992248062,4.403100775193798,1.6130057327835647,10.371279787539478,High Volume / Reliable
25e6ffe976bd75618accfe16cefcbd0d,108,106,0.02830188679245283,4.407407407407407,1.718789351851852,8.044832721872815,High Volume / Reliable
643214e62b870443ccbe55ab29a4dccf,66,65,0.1076923076923077,4.409090909090909,1.9177305772569444,7.3188823005698005,High Volume / Problematic
33a6f4b1e7cdc205511e76ba1b6e0186,105,105,0.01904761904761905,4.40952380952381,1.5163289351851852,6.782943342151675,High Volume / Reliable
4371b634e0efc0e22b09b52907d9d469,102,101,0.06930693069306931,4.411764705882353,1.5044458473625142,9.275263797213055,High Volume / Problematic
cce6ab8d1682639fe45ab70234f1665f,63,61,0.03278688524590164,4.412698412698413,6.665563145112325,8.348839556769885,High Volume / Reliable
8bb48dc19fccaa8613b6229bf7f452a2,82,82,0.024390243902439025,4.414634146341464,2.011928360990861,9.197999943541102,High Volume / Reliable
3504c0cb71d7fa48d967e0e4c94d59d9,53,53,0.0,4.415094339622642,1.6111102375960866,5.490815207896576,High Volume / Reliable
9d5a9018aee56acb367ba9c3f05d1d6a,67,66,0.015151515151515152,4.417910447761194,3.874767466329966,10.811989688552188,High Volume / Reliable
57e632711dec9ec14ca7546769483e7e,62,62,0.0,4.419354838709677,1.2846785822707953,9.318049395161289,High Volume / Reliable
7299e27ed73d2ad986de7f7c77d919fa,338,335,0.041791044776119404,4.420118343195266,1.209825924497028,9.767124758153678,High Volume / Reliable
edb1ef5e36e0c8cd84eb3c9b003e486d,166,165,0.07272727272727272,4.421686746987952,1.383645042558086,10.19962338664422,High Volume / Problematic
2dee2ce60de9709b1a24083217181a1f,54,54,0.018518518518518517,4.425925925925926,1.6862304955418381,12.020462319958847,High Volume / Reliable
aced59e9b31ef866a94f9e7f29d8d418,61,61,0.03278688524590164,4.426229508196721,2.217936778992107,7.246316408621737,High Volume / Reliable
d57e18d5f73c7ccb7f7339b61166898d,61,61,0.0,4.426229508196721,1.40205574845679,7.390076085306618,High Volume / Reliable
b372ee768ed69e46ca8cdbd267aa7a38,63,63,0.0,4.428571428571429,1.6180033773527627,10.571322200176366,High Volume / Reliable
612170e34b97004b3ba37eae81836b4c,107,107,0.009345794392523364,4.429906542056075,4.54413500174703,6.171903123918311,High Volume / Reliable
1eade46fba20122dc4aefb379f8c636b,58,58,0.1206896551724138,4.431034482758621,1.7205361952861955,10.328676963601533,High Volume / Problematic
c003204e1ab016dfa150abc119207b24,197,195,0.05128205128205128,4.431472081218274,1.2092928240740741,7.9238022317188985,High Volume / Reliable
527801b552d0077ffd170872eb49683b,90,90,0.1,4.433333333333334,2.079946313029897,10.77827237654321,High Volume / Problematic
725c32fa80c2faacc4fc88450d27314e,89,89,0.011235955056179775,4.438202247191011,0.8342765538527033,8.25814307636288,High Volume / Reliable
aba1721a889e04decc910aa13b768ef4,83,83,0.07228915662650602,4.445783132530121,1.5617333962048467,7.593315205265506,High Volume / Problematic
eeb6de78f79159600292e314a77cbd18,83,82,0.036585365853658534,4.445783132530121,1.0479710648148148,10.643112720189702,High Volume / Reliable
8ae520247981aa06bc94abddf5f46d34,65,65,0.0,4.446153846153846,1.0640414389799637,9.623220441595441,High Volume / Reliable
8a130737016f838139d31878787a39c9,56,56,0.07142857142857142,4.446428571428571,1.9721319873113854,7.799806340939154,High Volume / Problematic
66922902710d126a0e7d26b0e3805106,151,150,0.07333333333333333,4.450331125827814,2.7310109567901235,8.224163966049382,High Volume / Problematic
42b729f859728f5079499127a9c2ef37,104,103,0.07766990291262135,4.451923076923077,2.9750144675925925,4.574949096548004,High Volume / Problematic
fa40cc5b934574b62717c68f3d678b6d,307,304,0.05263157894736842,4.452768729641694,2.4470826051631103,8.416313505116959,High Volume / Reliable
5cf13accae3222c70a9cac40818ae839,149,148,0.02027027027027027,4.456375838926174,1.663313492063492,8.800221471471472,High Volume / Reliable
6cd68b3ed6d59aaa9fece558ad360c0a,149,149,0.013422818791946308,4.456375838926174,1.657424418965946,8.570285700969425,High Volume / Reliable
0432ead42b6c8a0bdf68154add917fdf,85,82,0.024390243902439025,4.458823529411765,1.2988900180668475,7.248417598238482,High Volume / Reliable
715bbd5ba4e6b74cb0d2f29eb45058b0,62,62,0.08064516129032258,4.467741935483871,1.4672775423728812,10.034875485364397,High Volume / Problematic
b6d44737c043328708f6749c2dbe50bd,62,61,0.06557377049180328,4.467741935483871,1.5221412037037036,6.331044133272617,High Volume / Reliable
c3cfdc648177fdbbbb35635a37472c53,278,278,0.014388489208633094,4.471223021582734,1.5643042508417508,7.953591918132161,High Volume / Reliable
080102cd0a76b09e0dcf55fcacc60e05,124,122,0.040983606557377046,4.475806451612903,1.1467271853421217,8.338575724802672,High Volume / Reliable
9d4db00d65d7760644ac0c14edb5fd86,98,97,0.041237113402061855,4.479591836734694,1.1643746141975309,6.653168909889271,High Volume / Reliable
0509040ea3fe50071181bbc359eb7738,89,87,0.04597701149425287,4.49438202247191,1.799722222222222,9.4426455406556,High Volume / Reliable
dbd66278cbfe1aa1000f90a217ca4695,85,85,0.03529411764705882,4.5058823529411764,0.9380473282016958,7.773594226579521,High Volume / Reliable
709e16e2b25c7474d980076c6bfc4806,60,60,0.03333333333333333,4.516666666666667,1.589690545808967,8.703795524691357,High Volume / Reliable
a5cba26a62b8b4d0145b68b841e62e7f,54,53,0.018867924528301886,4.518518518518518,3.713066461894587,9.012774938853948,High Volume / Reliable
d9a84e1403de8da0c3aa531d6d108ba6,54,53,0.05660377358490566,4.518518518518518,0.9910318396226415,6.18092068483578,High Volume / Reliable
9de4643a8dbde634fe55621059d92273,72,72,0.027777777777777776,4.527777777777778,3.0282253086419755,11.363708526234568,High Volume / Reliable
2ff97219cb8622eaf3cd89b7d9c09824,89,87,0.034482758620689655,4.52808988764045,1.2752808159722222,7.3674596902937415,High Volume / Reliable
ac3508719a1d8f5b7614b798f70af136,103,101,0.019801980198019802,4.533980582524272,1.2207295104510452,7.997468944811148,High Volume / Reliable
12b9676b00f60f3b700e83af21824c0e,135,133,0.007518796992481203,4.54074074074074,4.115723162071847,10.434970760233918,High Volume / Reliable
834f3294fba9f932f56edc879193f925,66,66,0.06060606060606061,4.545454545454546,2.544464962121212,11.146913404882156,High Volume / Reliable
d921b68bf747894be13a97ae52b0f386,77,77,0.012987012987012988,4.558441558441558,1.244527207001522,8.549884860509861,High Volume / Reliable
516e7738bd8f735ac19a010ee5450d8d,76,74,0.02702702702702703,4.565789473684211,1.3261986714975844,7.262957645145145,High Volume / Reliable
c864036feaab8c1659f65ea4faebe1da,58,58,0.034482758620689655,4.568965517241379,1.2625351213282248,10.693747605363985,High Volume / Reliable
744dac408745240a2c2528fb1b6028f3,79,78,0.01282051282051282,4.569620253164557,1.599584686147186,9.20190527065527,High Volume / Reliable
289cdb325fb7e7f891c38608bf9e0962,110,109,0.01834862385321101,4.572727272727272,1.2755611200142452,5.105272043832824,High Volume / Reliable
e882b2a25a10b9c057cc49695f222c19,57,57,0.0,4.578947368421052,3.176968404808317,5.924893193632229,High Volume / Reliable
5b925e1d006e9476d738aa200751b73b,63,63,0.06349206349206349,4.603174603174603,1.7748982601553167,8.809486331569666,High Volume / Reliable
080199a181c46c657dc5aa235411be3b,79,79,0.012658227848101266,4.620253164556962,2.0793055555555555,5.807814258087201,High Volume / Reliable
1bb2bdb95f4841f1bba2c0d2cd83d3c9,81,79,0.06329113924050633,4.62962962962963,4.976122685185185,6.935505743084857,High Volume / Reliable
d566c37fa119d5e66c4e9052e83ee4ea,65,65,0.0,4.630769230769231,1.034877700617284,4.411374287749287,High Volume / Reliable
116ccb1a1604bc88e4d234a8c23f33de,61,61,0.03278688524590164,4.639344262295082,1.3552179456999371,7.271219452034001,High Volume / Reliable
376a891762bbdecbc02b4b6adec3fdda,57,57,0.03508771929824561,4.666666666666667,1.1579357537361925,10.533814165042235,High Volume / Reliable
d9bd94811c3338dceb4181f3dbc0c73e,54,54,0.05555555555555555,4.796296296296297,1.3590206018518518,6.419308127572016,High Volume / Reliable
d13e50eaa47b4cbe9eb81465865d8cfc,67,66,0.09090909090909091,4.82089552238806,1.2538878038194445,3.5199026725589224,High Volume / Problematic
