customer_state,orders,delivery_days,late_rate,review_score
AC,81,21.035712962962965,0.0375,4.049382716049383
AL,413,24.543855361974067,0.2141057934508816,3.736077481840194
AM,148,26.42599090038314,0.027586206896551724,4.175675675675675
AP,68,27.185067716970703,0.029850746268656716,4.176470588235294
BA,3380,19.335465824489262,0.12162162162162163,3.83491124260355
CE,1336,21.26657863492891,0.1376075058639562,3.843562874251497
DF,2140,12.96756810897436,0.05673076923076923,4.055140186915888
ES,2033,15.789307110368513,0.10726817042606517,4.005410723069356
GO,2020,15.606338535456764,0.06540623403168115,4.028217821782178
MA,747,21.572976474120562,0.17433751743375175,3.7389558232931726
MG,11635,12.008665646060452,0.04571076272679232,4.120154705629566
MS,715,15.618319018465684,0.09700427960057062,4.107692307692307
MT,907,18.05575601172561,0.05981941309255079,4.0859977949283355
PA,975,23.77291691136168,0.11205073995771671,3.8276923076923075
PB,536,20.426767609606706,0.10444874274661509,4.005597014925373
PE,1652,18.448322994408407,0.096045197740113,3.9927360774818403
PI,495,19.45709826291628,0.13865546218487396,3.905050505050505
PR,5045,11.991582227413277,0.04042250660166565,4.1688800792864225
RJ,12852,15.30943754217274,0.12105263157894737,3.8557422969187676
RN,485,19.278156206047818,0.09282700421940929,4.076288659793814
RO,253,19.37203651310776,0.02880658436213992,4.055335968379446
RR,46,29.387546014001806,0.12195121951219512,3.608695652173913
RS,5466,15.300276192406853,0.06081586826347305,4.124588364434687
SC,3637,14.954782876767771,0.08206429780033841,4.058014847401704
SE,350,21.519788280818133,0.15223880597014924,3.8
SP,41746,8.761385996084925,0.044944930113103174,4.1598476500742585
TO,280,17.65806260982698,0.09854014598540146,4.1
